External_Assets,Lent_Funds,Borrowed_Funds,LMI,First_Order_Neighbor_Default_Rate,Basic_Default,Loan_Count_Number_of_Creditors,In_Degree_Centrality,Out_Degree_Centrality,Closeness_Centrality,Betweenness_Centrality,PageRank,Average_Indegree_of_In_Neighbors,y
1.0,1.0,1.0,0.004486837427614768,0.5087209302325582,0,305.0,0.8866279069767442,0.8691860465116279,0.8691860465116279,0.576165668752585,0.16696171792803569,0.023907551733405,1
0.626124540607692,0.07016554885673065,0.36676016883985557,-0.015605442755586153,0.4025157232704403,1,61.0,0.17732558139534885,0.436046511627907,0.5801040801495017,0.013683749074414883,0.013363878111815802,0.0957807041117979,1
0.3538174853770899,0.37591784761404545,0.4055563142035512,0.003234746845846767,0.5365853658536586,1,215.0,0.625,0.47674418604651164,0.5988171149930339,0.10318444968688578,0.07936443875685839,0.03301563095691956,1
0.39134013147678454,0.12116133616407855,0.18213021925853054,-0.0020824467070716507,0.5075757575757576,0,90.0,0.2616279069767442,0.27325581395348836,0.5156480712440015,0.008120801303944568,0.020392516574079013,0.06867030965391621,1
0.24603240333350587,0.12203298589514452,0.16598319130643194,-0.0011206846804878282,0.5234375,0,90.0,0.2616279069767442,0.2558139534883721,0.5095816233470133,0.007299074891500151,0.02038006692790317,0.06867030965391621,1
0.07065583104715566,0.24870029882567546,0.17799923359564127,0.013205090841363969,0.5681818181818182,0,158.0,0.45930232558139533,0.2761627906976744,0.5166732165148643,0.022950196517179368,0.047829541998708355,0.04345299854741647,1
0.0483565401935918,0.20355659161757692,0.17163928294386696,0.010430952512367753,0.5527950310559007,1,139.0,0.40406976744186046,0.2645348837209302,0.5125968992248062,0.01676630269386932,0.0390762446641969,0.04826040806698904,1
0.4199552720120089,0.008549796719050528,0.18770763155332487,-0.01667074986663685,0.35789473684210527,0,22.0,0.06395348837209303,0.27325581395348836,0.5156480712440015,0.0009082435712244603,0.005114437799520956,0.21997019374068555,1
0.13680314716082612,0.0636937174992225,0.1222191062203932,-0.0074696024253130405,0.42168674698795183,1,55.0,0.15988372093023256,0.1947674418604651,0.48942867779091664,0.0021709528073556245,0.012024540349403976,0.10456035767511178,1
0.12534810290387702,0.03544205097169904,0.05106185396752998,-0.00143919080692772,0.4583333333333333,0,36.0,0.10465116279069767,0.10465116279069767,0.46243172225440704,0.000287900557964979,0.007214812554333343,0.14335154826958105,0
0.031217971944717635,0.05299948633460225,0.06773937353601192,-0.0002506628831929954,0.4918032786885246,1,49.0,0.14244186046511628,0.11627906976744186,0.46574664499458196,0.0006967238577469883,0.010761423369773124,0.11515557042489127,1
0.045422640923443246,0.06214758545846772,0.06059825338819647,0.005524004386923746,0.5,1,52.0,0.1511627906976744,0.11337209302325581,0.46491346673877765,0.000747934314747668,0.011200803215988325,0.10907944514501891,1
1.5528754076297944e-07,0.016642814608068813,0.06938318527509142,-0.08371476445225633,0.391304347826087,1,27.0,0.07848837209302326,0.11918604651162791,0.46658281491378234,0.00019300027025500932,0.00594637869623412,0.18554948391013965,1
0.0028081111858791865,0.0313921291263941,0.017007568181559702,0.019633857580668566,0.5121951219512195,0,35.0,0.10174418604651163,0.07267441860465117,0.4535543244449856,0.00010718171391078428,0.007036890228306129,0.1472599531615925,1
0.03652362958745277,0.0010716875083219243,0.02144880733628909,-0.021507955936436923,0.3448275862068966,1,9.0,0.026162790697674417,0.08430232558139535,0.4567427555482895,0.0,0.002911315122378727,0.41347905282331515,1
0.050746467208447645,0.009127104835081851,0.023899899013792303,-0.007900256512374967,0.41935483870967744,0,22.0,0.06395348837209303,0.08430232558139535,0.4567427555482895,1.3343911366160133e-05,0.0050137158698062775,0.21997019374068555,1
0.027827527304725916,0.006365679511811045,0.021659430952814404,-0.015042992710498793,0.36666666666666664,1,19.0,0.055232558139534885,0.08139534883720931,0.4559414524683802,2.08762907156218e-06,0.00443417063706156,0.24158757549611737,1
0.04887736942905947,0.009100923376989895,0.02253848560649915,-0.007268051805416996,0.4,0,22.0,0.06395348837209303,0.08139534883720931,0.4559414524683802,7.895600100505319e-06,0.0050086213351311385,0.21997019374068555,1
0.02768729230291423,0.009864826620203902,0.015802594698646588,-0.003244063952802928,0.4482758620689655,0,23.0,0.06686046511627906,0.06686046511627906,0.4519767441860465,3.955070400253125e-06,0.005117167893060529,0.21154668567355667,1
0.0437682902841762,0.01141748752918351,0.019904797160167593,-0.003707012564390088,0.45161290322580644,0,24.0,0.06976744186046512,0.07848837209302326,0.45514295605425,1.8438703289720106e-05,0.005333804536343337,0.20437158469945357,1
0.0007863243439101403,0.006631240585333528,0.01666986322763758,-0.033200347609023524,0.39285714285714285,1,21.0,0.061046511627906974,0.07267441860465117,0.4535543244449856,0.0,0.004808052124918099,0.22701014832162375,1
0.016505010611315287,0.08759375955158574,0.002228050868190306,0.03155589788649158,0.6470588235294118,0,68.0,0.19767441860465115,0.029069767441860465,0.44198406106628696,6.116233868962867e-05,0.014147588540148501,0.08799421407907426,0
0.009806335731663129,0.0002476424278835183,0.020778993517571096,-0.08204926826295125,0.35714285714285715,1,3.0,0.00872093023255814,0.08139534883720931,0.4559414524683802,0.0,0.0015386813385376953,0.6349726775956284,1
0.05411460220508308,0.0052597933444944595,0.009152060390692308,-0.0016502318554063153,0.45,0,17.0,0.04941860465116279,0.0436046511627907,0.4457746619330647,0.0,0.004196735612978056,0.26441658630665377,0
0.005511351519229774,5.173605685407368e-05,0.0039060284482619776,-0.028002097006603634,0.46153846153846156,1,1.0,0.0029069767441860465,0.0377906976744186,0.444250645994832,0.0,0.0010517606857798035,1.0,1
0.008564661731973705,0.0025094791944911864,0.011211425829358157,-0.027019764385442516,0.4117647058823529,1,13.0,0.0377906976744186,0.046511627906976744,0.4465405977783105,0.0,0.0036776941823707626,0.32761664564943255,1
1.138775298928516e-06,0.005967957429169093,0.0012269123795871615,0.03056802871693059,0.5,0,19.0,0.055232558139534885,0.020348837209302327,0.4397404871522449,0.0,0.0044113930086823825,0.24124245038826575,1
0.0005047155649878358,0.004816446167003376,0.003980833218414751,0.011792098428182383,0.4375,1,14.0,0.040697674418604654,0.0377906976744186,0.444250645994832,0.0,0.003824670403335454,0.30936768149882904,1
0.011829370050209639,0.0012014803821953268,0.004892165149016731,-0.010148723944917375,0.42857142857142855,0,9.0,0.026162790697674417,0.0377906976744186,0.444250645994832,0.0,0.002911315122378727,0.41347905282331515,0
0.011132486153527615,0.0030351245705491207,0.0005013836005550188,0.008821637658455807,0.5384615384615384,0,13.0,0.0377906976744186,0.011627906976744186,0.43751957560097093,0.0,0.0036776941823707626,0.32761664564943255,0
0.011971116517418086,0.007002048041076692,0.018696612654306416,-0.018317556096491695,0.39285714285714285,1,21.0,0.061046511627906974,0.0755813953488372,0.45434725158562367,9.970765714923843e-07,0.004814141620090497,0.22701014832162375,1
0.007247600807495212,0.0012757283872631656,0.007968125604378205,-0.028587542755183236,0.4375,1,9.0,0.026162790697674417,0.0436046511627907,0.4457746619330647,0.0,0.002911315122378727,0.41347905282331515,1
0.0015977328019048606,0.007569883616123751,0.0016712214393023372,0.02621555285988117,0.5,0,23.0,0.06686046511627906,0.026162790697674417,0.4412336636790777,0.0,0.0051606920907709694,0.21354240912330721,1
0.00732227340959677,0.001412446040517093,0.008047125121272378,-0.027355001087643483,0.4375,1,9.0,0.026162790697674417,0.0436046511627907,0.4457746619330647,0.0,0.002911315122378727,0.41347905282331515,1
1.454526631813241e-06,0.009026195146353581,0.0012303461324506967,0.03256604766012761,0.5,0,23.0,0.06686046511627906,0.020348837209302327,0.4397404871522449,0.0,0.0051606920907709694,0.21354240912330721,1
0.0003781924530255189,0.0044008420971628,0.0005086037619815876,0.0312649814760972,0.5384615384615384,0,13.0,0.0377906976744186,0.011627906976744186,0.43751957560097093,0.0,0.0036776941823707626,0.32761664564943255,1
0.0043140121124281795,0.0038400266134411528,0.001106034998377575,0.015701981332388773,0.5384615384615384,0,13.0,0.0377906976744186,0.01744186046511628,0.4389976822752985,0.0,0.0036776941823707626,0.32761664564943255,0
0.057968947668098764,3.683806669925504e-05,0.0,3.272277861302334e-05,0.0,0,1.0,0.0029069767441860465,0.0,0.0,0.0,0.0010517606857798035,1.0,0
0.006618256638542368,0.0009466858926011661,0.0042239846830122,-0.015486636522689508,0.42857142857142855,1,9.0,0.026162790697674417,0.0377906976744186,0.444250645994832,0.0,0.002911315122378727,0.41347905282331515,1
0.0057981831357730735,0.0007036807574208578,0.0028679353545166776,-0.011853464580962153,0.5,1,8.0,0.023255813953488372,0.03197674418604651,0.44273701517372527,0.0,0.0027587834540354424,0.4426229508196721,1
0.0028429007712614525,0.0004309382954354589,0.004227204986373407,-0.0434341865289611,0.46153846153846156,1,4.0,0.011627906976744186,0.0377906976744186,0.444250645994832,0.0,0.0019664827018313524,0.6057377049180328,1
0.00419307935193333,0.0018919641010932155,0.002256662381915385,0.000819585408749718,0.5384615384615384,0,12.0,0.03488372093023256,0.03197674418604651,0.44273701517372527,0.0,0.003507350408196008,0.34508196721311474,1
0.012593519333298825,0.002687672207147579,0.005930467052057786,-0.006281798577999577,0.4666666666666667,0,13.0,0.0377906976744186,0.0377906976744186,0.444250645994832,0.0,0.0036776941823707626,0.32761664564943255,1
0.0006899425436099177,0.0003345962483737491,0.0014639341313025427,-0.03644361393584258,0.375,1,3.0,0.00872093023255814,0.023255813953488372,0.44048581001182496,0.0,0.0015386813385376953,0.6349726775956284,1
0.002790046068637093,0.0016541754619735143,0.0028182573029531524,-0.005754398207159167,0.5384615384615384,1,11.0,0.03197674418604651,0.03197674418604651,0.44273701517372527,0.0,0.0032632581815520353,0.3609538002980626,1
0.004712821574615663,0.0002790330503480143,0.001836101899437471,-0.011823254449277688,0.5,0,3.0,0.00872093023255814,0.029069767441860465,0.44198406106628696,0.0,0.0015386813385376953,0.6349726775956284,0
3.105750815259589e-08,0.00872452550909464,0.0013981406423132633,0.031879188781271606,0.5,0,23.0,0.06686046511627906,0.023255813953488372,0.44048581001182496,0.0,0.0051606920907709694,0.21354240912330721,1
0.0008948806874061804,0.0010329248735047362,0.0,0.02262103935580891,0.4444444444444444,0,9.0,0.026162790697674417,0.0,0.0,0.0,0.002911315122378727,0.41347905282331515,0
0.010263326259123143,0.0012100621230792911,0.002197123891385627,-0.0022631551240129967,0.5,0,9.0,0.026162790697674417,0.03197674418604651,0.44273701517372527,0.0,0.002911315122378727,0.41347905282331515,0
0.003690444639991718,0.0002135904026502234,0.003414969307330426,-0.032073522116392646,0.5,1,3.0,0.00872093023255814,0.03488372093023256,0.44349253909040404,0.0,0.0015386813385376953,0.6349726775956284,1
0.03013775557741084,9.630538862136822e-05,0.006286635387931269,-0.008291308995082888,0.46153846153846156,0,1.0,0.0029069767441860465,0.0377906976744186,0.444250645994832,0.0,0.0010517606857798035,1.0,0
0.001102298255603292,0.000904305069722264,0.000906557158039037,0.004074907902837281,0.4444444444444444,0,9.0,0.026162790697674417,0.01744186046511628,0.4389976822752985,0.0,0.002911315122378727,0.41347905282331515,1
0.007274439670790413,0.0007010963373767764,0.002543171936724825,-0.008157412187432628,0.5,0,8.0,0.023255813953488372,0.03197674418604651,0.44273701517372527,0.0,0.0027587834540354424,0.4426229508196721,0
0.0037829390755215074,0.0014117788569028764,0.00268715754666469,-0.006344907350832202,0.5,1,9.0,0.026162790697674417,0.03197674418604651,0.44273701517372527,0.0,0.002911315122378727,0.41347905282331515,1
0.0033764584088203323,0.0003330529280353685,0.0016818335917332902,-0.01333956332736789,0.4444444444444444,1,3.0,0.00872093023255814,0.026162790697674417,0.4412336636790777,0.0,0.0015386813385376953,0.6349726775956284,1
0.003052792587608054,0.000309811476858806,0.0015739441487196972,-0.013786594596256797,0.375,1,3.0,0.00872093023255814,0.023255813953488372,0.44048581001182496,0.0,0.0015386813385376953,0.6349726775956284,1
0.005392168331694187,9.493802879662724e-05,0.001423049271193611,-0.009599531522863258,0.375,0,1.0,0.0029069767441860465,0.023255813953488372,0.44048581001182496,0.0,0.0010517606857798035,1.0,0
0.015618758734924168,0.0011591142226925614,0.01184169580766663,-0.024480232979033862,0.3888888888888889,1,9.0,0.026162790697674417,0.04941860465116279,0.44730917023576033,0.0,0.002911315122378727,0.41347905282331515,1
1.5528754076297946e-08,0.00837469401291493,0.000212781312581451,0.03576764034060981,0.5217391304347826,0,23.0,0.06686046511627906,0.005813953488372093,0.4360513891056657,0.0,0.0051606920907709694,0.21354240912330721,0
0.0003191883637869455,0.0,6.792798401255803e-05,-0.008665160813398813,0.0,0,0.0,0.0,0.0029069767441860465,0.4367744690763676,0.0,0.0005772679076237294,0.0,0
0.0002511517159273254,0.0011829275455384526,0.0004988222065270844,0.02115916276701371,0.4444444444444444,0,9.0,0.026162790697674417,0.011627906976744186,0.43751957560097093,0.0,0.002911315122378727,0.41347905282331515,1
0.0051188984937108545,5.701120641922723e-05,0.0010242884791925736,-0.0074561608014056795,0.3333333333333333,0,1.0,0.0029069767441860465,0.01744186046511628,0.4389976822752985,0.0,0.0010517606857798035,1.0,0
0.002059076556757596,0.0012288569054424198,0.002084223025273901,-0.005674049551242517,0.5,1,9.0,0.026162790697674417,0.03197674418604651,0.44273701517372527,0.0,0.002911315122378727,0.41347905282331515,1
0.0013130596821781665,0.0018948197935958247,0.002745187970058436,-0.003539593412224992,0.5384615384615384,1,12.0,0.03488372093023256,0.03197674418604651,0.44273701517372527,0.0,0.003507350408196008,0.34508196721311474,1
0.0010837051607226046,0.0005918761802230691,0.0018261022542740675,-0.022844284512092198,0.45454545454545453,1,8.0,0.023255813953488372,0.029069767441860465,0.44198406106628696,0.0,0.0027587834540354424,0.4426229508196721,1
0.000857818727677416,5.037236287336686e-05,0.0029273253584361208,-0.1255138373059481,0.5454545454545454,1,1.0,0.0029069767441860465,0.03197674418604651,0.44273701517372527,0.0,0.0010517606857798035,1.0,1
0.0028953724312852634,0.00014893957726381065,0.0012666882303253026,-0.014135208131504894,0.2857142857142857,1,2.0,0.005813953488372093,0.020348837209302327,0.4397404871522449,0.0,0.0014629630340052637,0.8524590163934426,1
0.002211232465448522,0.0006318888678559051,0.0011248185545824274,-0.004263628840772098,0.375,0,8.0,0.023255813953488372,0.01744186046511628,0.4389976822752985,0.0,0.0027587834540354424,0.4426229508196721,1
0.0005107148403126455,8.587239650015418e-05,0.003791118372704427,-0.23725370442984028,0.46153846153846156,1,1.0,0.0029069767441860465,0.0377906976744186,0.444250645994832,0.0,0.0010517606857798035,1.0,1
0.002252155908690926,0.0,0.00108635588230426,-0.01964032274939447,0.3333333333333333,1,0.0,0.0,0.01744186046511628,0.4404510218463707,0.0,0.0005772679076237294,0.0,1
0.0,0.014478885203925441,0.0,0.03650033994107688,0.5714285714285714,0,28.0,0.08139534883720931,0.0,0.0,0.0,0.006069664215544581,0.18208430913348947,0
0.0009150680677053678,0.0004958677249684677,0.00033816433437278446,0.007297751984219743,0.3333333333333333,0,6.0,0.01744186046511628,0.00872093023255814,0.4367842485831542,0.0,0.002197096127710475,0.4650273224043716,0
0.002167772659040323,0.0003945731226166103,0.0005134434974365434,-0.00020911736149986204,0.6,0,3.0,0.00872093023255814,0.011627906976744186,0.43751957560097093,0.0,0.0015386813385376953,0.6349726775956284,0
0.0014066204254878617,0.0,0.00021883214195178883,-0.006334453372173124,0.5,0,0.0,0.0,0.005813953488372093,0.43750486116512405,0.0,0.0005772679076237294,0.0,0
0.0012803871836016356,0.00036034147102564164,0.0010047160878704224,-0.012484487972729157,0.42857142857142855,1,3.0,0.00872093023255814,0.01744186046511628,0.4389976822752985,0.0,0.0015386813385376953,0.6349726775956284,1
0.0012612505823282778,9.226562849572596e-05,0.0012102354771661536,-0.03199478892145595,0.2857142857142857,1,1.0,0.0029069767441860465,0.020348837209302327,0.4397404871522449,0.0,0.0010517606857798035,1.0,1
0.0012827268492157978,0.0007137764918909294,0.0009124038183201917,-0.00015836719851502218,0.375,1,8.0,0.023255813953488372,0.01744186046511628,0.4389976822752985,0.0,0.0027587834540354424,0.4426229508196721,1
0.002018096174750246,4.425406918035694e-05,0.0009906701825759343,-0.01829112465451106,0.3333333333333333,1,1.0,0.0029069767441860465,0.01744186046511628,0.4389976822752985,0.0,0.0010517606857798035,1.0,1
0.00491979916144728,0.003059355799614906,0.0,0.01706520579973664,0.5384615384615384,0,13.0,0.0377906976744186,0.0,0.0,0.0,0.0036776941823707626,0.32761664564943255,0
0.0016913142502199907,0.0006317165731862997,0.0003748405271205991,0.006695227362025251,0.375,0,8.0,0.023255813953488372,0.00872093023255814,0.4367842485831542,0.0,0.0027587834540354424,0.4426229508196721,0
0.0014345204203116103,4.1438700962123495e-05,0.0016463545722811405,-0.043467748012855495,0.4444444444444444,1,1.0,0.0029069767441860465,0.026162790697674417,0.4412336636790777,0.0,0.0010517606857798035,1.0,1
0.0012537450178580671,0.0013401445986313922,0.00033723629305831544,0.017589900850793906,0.4444444444444444,0,9.0,0.026162790697674417,0.00872093023255814,0.4367842485831542,0.0,0.002911315122378727,0.41347905282331515,0
0.0012302707179460634,3.3872398875621115e-05,0.0006343533600921363,-0.018842947932127478,0.5,1,1.0,0.0029069767441860465,0.011627906976744186,0.43751957560097093,0.0,0.0010517606857798035,1.0,1
0.0019200269165070656,7.63192069471381e-05,0.0012223835379725529,-0.0226050187095932,0.2857142857142857,1,1.0,0.0029069767441860465,0.020348837209302327,0.4397404871522449,0.0,0.0010517606857798035,1.0,1
0.002287017961592215,3.84437063862163e-05,0.000876358693666216,-0.014394246803096925,0.3333333333333333,1,1.0,0.0029069767441860465,0.01744186046511628,0.4389976822752985,0.0,0.0010517606857798035,1.0,1
0.0014830374242973238,0.00010719294540281787,0.0020253202430445543,-0.04707558831396039,0.5,1,1.0,0.0029069767441860465,0.029069767441860465,0.44198406106628696,0.0,0.0010517606857798035,1.0,1
0.001107521093224287,7.993006332078385e-05,0.0006637861903805205,-0.01877097086448321,0.5,1,1.0,0.0029069767441860465,0.011627906976744186,0.43751957560097093,0.0,0.0010517606857798035,1.0,1
0.0015907448625705263,0.0002360033730750662,0.0010044979981615222,-0.014935978972969536,0.42857142857142855,1,3.0,0.00872093023255814,0.01744186046511628,0.4389976822752985,0.0,0.0015386813385376953,0.6349726775956284,1
0.0018727159790879445,0.0006401700095290683,0.0011346929141683776,-0.004756562034747033,0.375,1,8.0,0.023255813953488372,0.01744186046511628,0.4389976822752985,0.0,0.0027587834540354424,0.4426229508196721,1
0.0006709405248718878,0.0006456981023325787,0.0006468401559783166,0.004385895019705664,0.375,1,8.0,0.023255813953488372,0.011627906976744186,0.43751957560097093,0.0,0.0027587834540354424,0.4426229508196721,1
0.003610678606553134,0.0008490937927238085,0.0021916670084565493,-0.009455276023910934,0.5,1,9.0,0.026162790697674417,0.03197674418604651,0.44273701517372527,0.0,0.002911315122378727,0.41347905282331515,1
0.0016146125575857964,0.001100383735421314,0.0003443265287008586,0.013474735811470562,0.4444444444444444,0,9.0,0.026162790697674417,0.00872093023255814,0.4367842485831542,0.0,0.002911315122378727,0.41347905282331515,0
0.001231321496971893,0.000690538706558401,0.0006349751477728305,0.004412495054131966,0.375,0,8.0,0.023255813953488372,0.011627906976744186,0.43751957560097093,0.0,0.0027587834540354424,0.4426229508196721,1
0.0010043480511413635,0.0003524599063522017,0.001397115156660775,-0.025778930336326375,0.375,1,3.0,0.00872093023255814,0.023255813953488372,0.44048581001182496,0.0,0.0015386813385376953,0.6349726775956284,1
0.0024861017651017134,0.0015310507583982452,0.0007121139418314933,0.010738894682639407,0.5,0,10.0,0.029069767441860465,0.011627906976744186,0.43751957560097093,0.0,0.0030346006416891885,0.38098360655737706,0
0.0006039443035353797,7.8866968550878e-05,0.0011778607559109029,-0.061364099981697263,0.2857142857142857,1,1.0,0.0029069767441860465,0.020348837209302327,0.4397404871522449,0.0,0.0010517606857798035,1.0,1
0.0026093638387080075,0.00038572377511815253,0.0006736883912059047,-0.0023939637785565585,0.6,0,3.0,0.00872093023255814,0.011627906976744186,0.43751957560097093,0.0,0.0015386813385376953,0.6349726775956284,0
0.0010833272943734148,0.0002861007976458712,0.0008003938718703564,-0.011997616375685865,0.42857142857142855,1,3.0,0.00872093023255814,0.01744186046511628,0.4389976822752985,0.0,0.0015386813385376953,0.6349726775956284,1
0.0010490191003675138,0.001394340436832386,0.00045317185426835456,0.01769848907526766,0.4444444444444444,0,9.0,0.026162790697674417,0.011627906976744186,0.43751957560097093,0.0,0.002911315122378727,0.41347905282331515,0
0.0010208447642217507,0.0005497556322705922,0.0005188910999524764,0.004009965799208933,0.42857142857142855,0,7.0,0.020348837209302327,0.011627906976744186,0.43751957560097093,0.0,0.0025619746732304894,0.46370023419203743,1
0.0009884880169781045,0.00036413928544502946,0.0005796685256370508,-0.0032175229645715533,0.6,0,3.0,0.00872093023255814,0.011627906976744186,0.43751957560097093,0.0,0.0015386813385376953,0.6349726775956284,1
0.0023677881877943994,0.00039134351402251693,0.0005503377798932583,-0.0007665118615315115,0.6,0,3.0,0.00872093023255814,0.011627906976744186,0.43751957560097093,0.0,0.0015386813385376953,0.6349726775956284,0
0.0009509498421243336,0.00027528655774510473,0.0004805397926320452,-0.004014474676007223,0.6,0,3.0,0.00872093023255814,0.011627906976744186,0.43751957560097093,0.0,0.0015386813385376953,0.6349726775956284,1
0.001317982297220353,7.037687376776777e-05,0.0008019715421049537,-0.02047942884229168,0.3333333333333333,1,1.0,0.0029069767441860465,0.01744186046511628,0.4389976822752985,0.0,0.0010517606857798035,1.0,1
0.00022180237072312231,0.0008575728899748162,0.0005113554044789882,0.0163171893181344,0.4444444444444444,0,9.0,0.026162790697674417,0.011627906976744186,0.43751957560097093,0.0,0.002911315122378727,0.41347905282331515,1
8.661939023758994e-05,0.0006870194962856092,0.000670505209497276,0.007672500367638155,0.375,1,8.0,0.023255813953488372,0.011627906976744186,0.43751957560097093,0.0,0.0027587834540354424,0.4426229508196721,1
0.0038703038459547597,6.57505785966602e-05,0.0,0.0008550625583605284,0.0,0,1.0,0.0029069767441860465,0.0,0.0,0.0,0.0010517606857798035,1.0,0
0.00202999120037269,7.270101888542402e-05,0.0008635934853856949,-0.014730950580968051,0.3333333333333333,1,1.0,0.0029069767441860465,0.01744186046511628,0.4389976822752985,0.0,0.0010517606857798035,1.0,1
8.790827682592267e-05,0.00049489994214345,0.0009051790166870506,-0.014426167017096892,0.375,1,6.0,0.01744186046511628,0.01744186046511628,0.4389976822752985,0.0,0.002197096127710475,0.4650273224043716,1
0.0017667581137740048,8.745970696694465e-05,7.197424414364284e-05,0.0008343009093871173,0.0,0,1.0,0.0029069767441860465,0.0029069767441860465,0.43532098476880526,0.0,0.0010517606857798035,1.0,0
0.00214370826647342,0.0003829010752118508,0.00026472842515885294,0.0033361668534673448,0.6666666666666666,0,3.0,0.00872093023255814,0.005813953488372093,0.4360513891056657,0.0,0.0015386813385376953,0.6349726775956284,0
0.001685666959987577,0.00027905137956818515,0.0004585823351317088,-0.0020627830400573744,0.6,0,3.0,0.00872093023255814,0.011627906976744186,0.43751957560097093,0.0,0.0015386813385376953,0.6349726775956284,0
0.00020097831150680677,0.0008068889303585459,0.00024058079015636973,0.023718729650476444,0.375,0,8.0,0.023255813953488372,0.005813953488372093,0.4360513891056657,0.0,0.0027587834540354424,0.4426229508196721,1
0.0014417878772193177,0.0004929570448053461,0.00021272563010258286,0.00783267466474994,0.3333333333333333,0,6.0,0.01744186046511628,0.005813953488372093,0.4360513891056657,0.0,0.002197096127710475,0.4650273224043716,0
0.0007508773746053108,5.8492207409027116e-05,0.0014599667546831877,-0.06770577533518587,0.375,1,1.0,0.0029069767441860465,0.023255813953488372,0.44048581001182496,0.0,0.0010517606857798035,1.0,1
0.001486681505253895,5.109086830406185e-05,0.00023985691793108392,-0.004575920338886786,0.5,0,1.0,0.0029069767441860465,0.005813953488372093,0.4360513891056657,0.0,0.0010517606857798035,1.0,0
0.0008527874113566955,0.00024980527586367156,0.0009518130927391175,-0.02146805012060753,0.42857142857142855,1,3.0,0.00872093023255814,0.01744186046511628,0.4389976822752985,0.0,0.0015386813385376953,0.6349726775956284,1
0.0009394119778456442,0.0010084480328886624,0.00047680906654787986,0.013777183930074086,0.4444444444444444,0,9.0,0.026162790697674417,0.011627906976744186,0.43751957560097093,0.0,0.002911315122378727,0.41347905282331515,1
0.00014415860034163258,0.0008797512463814729,0.00019042943752246527,0.02711223707887447,0.4444444444444444,0,9.0,0.026162790697674417,0.005813953488372093,0.4360513891056657,0.0,0.002911315122378727,0.41347905282331515,1
1.33443760028987e-05,8.121677457677336e-05,0.0025553199975312246,-0.7800001484291031,0.5454545454545454,1,1.0,0.0029069767441860465,0.03197674418604651,0.44273701517372527,0.0,0.0010517606857798035,1.0,1
0.0014851959211139292,0.0020999824208115187,9.41219501134454e-05,0.0234582999993266,0.5833333333333334,0,12.0,0.03488372093023256,0.0029069767441860465,0.43532098476880526,0.0,0.003507350408196008,0.34508196721311474,0
0.004119183187535587,0.0024652251253108296,0.00011782412528498351,0.016086356374162288,0.5384615384615384,0,13.0,0.0377906976744186,0.0029069767441860465,0.43532098476880526,0.0,0.0036776941823707626,0.32761664564943255,0
0.002405036492572079,0.0,0.0006886576976082895,-0.011658876116202735,0.5,0,0.0,0.0,0.011627906976744186,0.43897299828312786,0.0,0.0005772679076237294,0.0,0
0.0008739531031626896,0.00026653618803556926,0.0003268700715756968,0.00034226577008424503,0.5,0,3.0,0.00872093023255814,0.00872093023255814,0.4367842485831542,0.0,0.0015386813385376953,0.6349726775956284,0
0.0007422175060820954,0.0005600896466028839,0.0009503607080819735,-0.0064113908503235706,0.375,1,7.0,0.020348837209302327,0.01744186046511628,0.4389976822752985,0.0,0.0025619746732304894,0.46370023419203743,1
0.0008276153009990165,0.00015161564340874609,0.0005963825497106374,-0.01580945028126724,0.5,1,2.0,0.005813953488372093,0.011627906976744186,0.43751957560097093,0.0,0.0014629630340052637,0.8524590163934426,1
0.000932957192401263,0.0,0.0006890196337209324,-0.030070789608798172,0.5,1,0.0,0.0,0.011627906976744186,0.43897299828312786,0.0,0.0005772679076237294,0.0,1
0.00030905843987784045,4.7337044013083926e-05,0.0006077417753997379,-0.059339440008861696,0.5,1,1.0,0.0029069767441860465,0.011627906976744186,0.43751957560097093,0.0,0.0010517606857798035,1.0,1
0.00024102696826957916,0.00010820471835624551,0.0006213283002435639,-0.05007888282763593,0.5,1,1.0,0.0029069767441860465,0.011627906976744186,0.43751957560097093,0.0,0.0010517606857798035,1.0,1
0.002071748020083855,0.0002771524723584912,0.00010662266661934274,0.004036749129945911,0.6666666666666666,0,3.0,0.00872093023255814,0.0029069767441860465,0.43532098476880526,0.0,0.0015386813385376953,0.6349726775956284,0
0.001053305036492572,0.0007591962994741486,0.0004759135066794173,0.009293101689334208,0.375,0,8.0,0.023255813953488372,0.011627906976744186,0.43751957560097093,0.0,0.0027587834540354424,0.4426229508196721,1
0.0005077592007867902,0.0,0.0010248221029483932,-0.08217990476855279,0.3333333333333333,1,0.0,0.0,0.01744186046511628,0.4404510218463707,0.0,0.0005772679076237294,0.0,1
0.0012706092447849267,0.0007618577022429474,0.00011106798451564923,0.014807239241034265,0.375,0,8.0,0.023255813953488372,0.0029069767441860465,0.43532098476880526,0.0,0.0027587834540354424,0.4426229508196721,0
0.0008410580257777317,0.000805686533515342,0.000664250211037755,0.007317045068158462,0.375,0,8.0,0.023255813953488372,0.011627906976744186,0.43751957560097093,0.0,0.0027587834540354424,0.4426229508196721,1
0.007757233811273876,0.0008453363025887963,0.0,0.004867463437075283,0.4444444444444444,0,9.0,0.026162790697674417,0.0,0.0,0.0,0.002911315122378727,0.41347905282331515,0
0.0001463481546663906,0.00035336170398460456,0.0009476601078568687,-0.03157247491333664,0.42857142857142855,1,3.0,0.00872093023255814,0.01744186046511628,0.4389976822752985,0.0,0.0015386813385376953,0.6349726775956284,1
0.0013675241989751022,0.001029610950497857,0.00013459383183743822,0.01686605025072492,0.4444444444444444,0,9.0,0.026162790697674417,0.0029069767441860465,0.43532098476880526,0.0,0.002911315122378727,0.41347905282331515,0
0.0006567938299083803,0.00034574774592565814,0.0006533735668321784,-0.0076714374381814145,0.6,1,3.0,0.00872093023255814,0.011627906976744186,0.43751957560097093,0.0,0.0015386813385376953,0.6349726775956284,1
0.0008934209845230084,9.869918477567348e-05,0.0008050804805084248,-0.026814369837930407,0.3333333333333333,1,1.0,0.0029069767441860465,0.01744186046511628,0.4389976822752985,0.0,0.0010517606857798035,1.0,1
0.00017045913349552255,0.0003938692805620519,0.0011840693523047004,-0.03841384245312601,0.375,1,3.0,0.00872093023255814,0.020348837209302327,0.4397404871522449,0.0,0.0015386813385376953,0.6349726775956284,1
0.0006051555463533309,5.5889458144774843e-05,0.0008370979058576052,-0.04561437727358994,0.3333333333333333,1,1.0,0.0029069767441860465,0.01744186046511628,0.4389976822752985,0.0,0.0010517606857798035,1.0,1
0.0009594854806149386,4.55004561519707e-05,0.00037134645157162335,-0.012478862270033394,0.3333333333333333,1,1.0,0.0029069767441860465,0.00872093023255814,0.4367842485831542,0.0,0.0010517606857798035,1.0,1
0.0008803043635798954,0.00024676262531532034,0.00027684400451924565,0.0011765970226182503,0.6666666666666666,0,3.0,0.00872093023255814,0.005813953488372093,0.4360513891056657,0.0,0.0015386813385376953,0.6349726775956284,0
0.0008552461307521093,9.782304805150969e-05,0.0003352966867110753,-0.008667951083709227,0.3333333333333333,0,1.0,0.0029069767441860465,0.00872093023255814,0.4367842485831542,0.0,0.0010517606857798035,1.0,1
0.0009625860551788394,0.00022326456505636672,0.00013019027580028287,0.004856588862154174,0.6666666666666666,0,3.0,0.00872093023255814,0.0029069767441860465,0.43532098476880526,0.0,0.0015386813385376953,0.6349726775956284,0
0.001855297893265697,0.00033928486289343734,0.0005480687188793816,-0.002068723283383946,0.6,0,3.0,0.00872093023255814,0.011627906976744186,0.43751957560097093,0.0,0.0015386813385376953,0.6349726775956284,0
0.0006466017909829701,0.0007421757856235524,0.00037344382494232327,0.013599742083955155,0.375,0,8.0,0.023255813953488372,0.00872093023255814,0.4367842485831542,0.0,0.0027587834540354424,0.4426229508196721,1
0.0010429835912831927,4.650123157329587e-05,0.00035412664498165117,-0.010844151999638639,0.3333333333333333,0,1.0,0.0029069767441860465,0.00872093023255814,0.4367842485831542,0.0,0.0010517606857798035,1.0,1
4.725917490553341e-06,0.00010315318527717561,0.0,0.035353265372503176,0.0,0,1.0,0.0029069767441860465,0.0,0.0,0.0,0.0010517606857798035,1.0,0
0.0008565453698431596,8.973619611215685e-05,8.818248570084383e-05,0.0010520352777099624,0.0,0,1.0,0.0029069767441860465,0.0029069767441860465,0.43532098476880526,0.0,0.0010517606857798035,1.0,0
0.0007450230343185465,3.0870072611645606e-05,0.00034141247897342595,-0.015610009380912658,0.3333333333333333,1,1.0,0.0029069767441860465,0.00872093023255814,0.4367842485831542,0.0,0.0010517606857798035,1.0,1
0.0012465293234639474,0.0,6.633175295167136e-05,-0.0021666757722988575,0.0,0,0.0,0.0,0.0029069767441860465,0.4367744690763676,0.0,0.0005772679076237294,0.0,0
0.0008821833428231275,0.0,0.0007109863716344135,-0.032815375240080165,0.5,1,0.0,0.0,0.011627906976744186,0.43897299828312786,0.0,0.0005772679076237294,0.0,1
0.0005913867177390134,0.00014620119177029451,0.0006326968063458091,-0.022845037330182866,0.5,1,2.0,0.005813953488372093,0.011627906976744186,0.43751957560097093,0.0,0.0014629630340052637,0.8524590163934426,1
0.0005419586935141571,0.00010487979781726409,0.0005515256727757785,-0.024709758977145967,0.5,1,1.0,0.0029069767441860465,0.011627906976744186,0.43751957560097093,0.0,0.0010517606857798035,1.0,1
0.00017744189657849786,0.0007777418044429546,0.0005422684606639504,0.01411439096500498,0.375,1,8.0,0.023255813953488372,0.011627906976744186,0.43751957560097093,0.0,0.0027587834540354424,0.4426229508196721,1
0.0005786065531342202,0.00015719505802873476,0.00020308328084525,-0.00020886061765561703,0.5,0,2.0,0.005813953488372093,0.005813953488372093,0.4360513891056657,0.0,0.0014629630340052637,0.8524590163934426,0
0.00048641751643459805,0.0006746949286427695,0.0005355726425800565,0.009010077799497033,0.375,0,8.0,0.023255813953488372,0.011627906976744186,0.43751957560097093,0.0,0.0027587834540354424,0.4426229508196721,1
0.00143842331383612,0.00026592765792589904,0.0,0.0075558602406910315,0.6666666666666666,0,3.0,0.00872093023255814,0.0,0.0,0.0,0.0015386813385376953,0.6349726775956284,0
0.0006892851596873545,0.0006484768121104706,0.0007041235061139153,0.0029610173854670283,0.375,1,8.0,0.023255813953488372,0.011627906976744186,0.43751957560097093,0.0,0.0027587834540354424,0.4426229508196721,1
0.00016741032144520937,0.0,0.00026932222966547447,-0.06550356287551924,0.5,1,0.0,0.0,0.005813953488372093,0.43750486116512405,0.0,0.0005772679076237294,0.0,1
0.00030737615818624155,0.0,0.0001967261978411374,-0.026059553604491182,0.5,1,0.0,0.0,0.005813953488372093,0.43750486116512405,0.0,0.0005772679076237294,0.0,1
0.00043844401884155496,7.346718028856307e-05,0.0003892530087343026,-0.0222485364687046,0.3333333333333333,1,1.0,0.0029069767441860465,0.00872093023255814,0.4367842485831542,0.0,0.0010517606857798035,1.0,1
0.0012216522594337182,0.0011835727340884644,0.0003634256189526305,0.015971233566212727,0.4444444444444444,0,9.0,0.026162790697674417,0.00872093023255814,0.4367842485831542,0.0,0.002911315122378727,0.41347905282331515,0
0.0008908069775868316,8.700514230670904e-05,0.0005164596317085677,-0.016321511459591168,0.5,1,1.0,0.0029069767441860465,0.011627906976744186,0.43751957560097093,0.0,0.0010517606857798035,1.0,1
0.00023497593043118173,0.00039577185361577995,0.00037872438002165183,0.006270108018595365,0.5,1,3.0,0.00872093023255814,0.00872093023255814,0.4367842485831542,0.0,0.0015386813385376953,0.6349726775956284,1
0.000644303535379678,0.0,0.00021737047688150018,-0.01373678166782954,0.5,1,0.0,0.0,0.005813953488372093,0.43750486116512405,0.0,0.0005772679076237294,0.0,1
0.0008218851907448626,0.0002968930424824327,0.00023972699214705825,0.0044643342930571536,0.6666666666666666,0,3.0,0.00872093023255814,0.005813953488372093,0.4360513891056657,0.0,0.0015386813385376953,0.6349726775956284,0
0.00046144727987991094,0.0003913545115546194,0.0030577662053913103,-0.1028873081742168,0.5454545454545454,1,3.0,0.00872093023255814,0.03197674418604651,0.44273701517372527,0.0,0.0015386813385376953,0.6349726775956284,1
0.000625989958072364,0.0008460987981479012,0.0,0.02395085435146938,0.4444444444444444,0,9.0,0.026162790697674417,0.0,0.0,0.0,0.002911315122378727,0.41347905282331515,0
0.000360406853356799,7.935819165145519e-05,0.0010335920933701253,-0.08041831675497803,0.3333333333333333,1,1.0,0.0029069767441860465,0.01744186046511628,0.4389976822752985,0.0,0.0010517606857798035,1.0,1
0.0011728505616232724,6.459217188186624e-05,0.00024013997053199694,-0.005101614652026536,0.5,0,1.0,0.0029069767441860465,0.005813953488372093,0.4360513891056657,0.0,0.0010517606857798035,1.0,0
0.0005184429835912832,3.190017478524404e-05,0.0002048976016150369,-0.011887925340904656,0.5,1,1.0,0.0029069767441860465,0.005813953488372093,0.4360513891056657,0.0,0.0010517606857798035,1.0,1
0.0003828096692375382,0.0,0.00013967949824072833,-0.014856780919563198,0.0,1,0.0,0.0,0.0029069767441860465,0.4367744690763676,0.0,0.0005772679076237294,0.0,1
0.0004996221336508101,6.384067385486382e-05,0.0001958074369398131,-0.007939369342353304,0.5,1,1.0,0.0029069767441860465,0.005813953488372093,0.4360513891056657,0.0,0.0010517606857798035,1.0,1
9.322428697137533e-05,0.0001594678813299128,0.00019208599126879243,0.001249097162718324,0.5,1,2.0,0.005813953488372093,0.005813953488372093,0.4360513891056657,0.0,0.0014629630340052637,0.8524590163934426,1
0.0007755629173352658,0.0006488947183303646,0.0004582528804650723,0.008739077602477743,0.375,0,8.0,0.023255813953488372,0.011627906976744186,0.43751957560097093,0.0,0.0027587834540354424,0.4426229508196721,1
0.00047721414151871217,0.0,0.00014226873350809682,-0.01213867020916357,0.0,1,0.0,0.0,0.0029069767441860465,0.4367744690763676,0.0,0.0005772679076237294,0.0,1
0.0007663595424193799,0.0011996914503066578,0.0002476478247660511,0.021032685918057348,0.4444444444444444,0,9.0,0.026162790697674417,0.005813953488372093,0.4360513891056657,0.0,0.002911315122378727,0.41347905282331515,0
0.0005810290387701227,9.197602681702747e-05,0.00011737402524746604,-5.448248267368162e-05,0.0,0,1.0,0.0029069767441860465,0.0029069767441860465,0.43532098476880526,0.0,0.0010517606857798035,1.0,0
7.007609089497386e-05,0.00022971645055648503,0.0003424843666916376,-0.005337914861858754,0.5,1,3.0,0.00872093023255814,0.00872093023255814,0.4367842485831542,0.0,0.0015386813385376953,0.6349726775956284,1
0.0009468140172886795,0.0002190561761051532,0.00026442217152507815,0.0004167883347277756,0.6666666666666666,0,3.0,0.00872093023255814,0.005813953488372093,0.4360513891056657,0.0,0.0015386813385376953,0.6349726775956284,0
0.000855277188260262,0.000626994966070304,9.201065612302843e-05,0.01641293076299366,0.375,0,8.0,0.023255813953488372,0.0029069767441860465,0.43532098476880526,0.0,0.0027587834540354424,0.4426229508196721,0
1.2940628396914955e-06,0.00021602085724487026,0.0005873666283405712,-0.04172824357655911,0.6,1,3.0,0.00872093023255814,0.011627906976744186,0.43751957560097093,0.0,0.0015386813385376953,0.6349726775956284,1
0.00046756560898597235,0.0,0.0006446824599221762,-0.056140754678714204,0.5,1,0.0,0.0,0.011627906976744186,0.43897299828312786,0.0,0.0005772679076237294,0.0,1
9.341580827164967e-05,0.0003365024872715113,0.00028714062290327916,0.009940137732335218,0.6666666666666666,1,3.0,0.00872093023255814,0.005813953488372093,0.4360513891056657,0.0,0.0015386813385376953,0.6349726775956284,1
6.416481184326311e-05,0.00025538469048366026,0.00020759356163356933,0.011087719944080872,0.6666666666666666,1,3.0,0.00872093023255814,0.005813953488372093,0.4360513891056657,0.0,0.0015386813385376953,0.6349726775956284,1
0.00048303742429732386,0.00022394641204672014,0.00021604337780180952,0.003434967357156288,0.6666666666666666,0,3.0,0.00872093023255814,0.005813953488372093,0.4360513891056657,0.0,0.0015386813385376953,0.6349726775956284,1
0.0008439101402764118,5.097722713900295e-05,0.0002597030814410033,-0.008676775301380548,0.5,0,1.0,0.0029069767441860465,0.005813953488372093,0.4360513891056657,0.0,0.0010517606857798035,1.0,1
0.0007933122832444743,0.0,0.00020994150615917588,-0.010775292837622878,0.5,0,0.0,0.0,0.005813953488372093,0.43750486116512405,0.0,0.0005772679076237294,0.0,0
0.0007910657901547699,2.9158123447693763e-05,0.00011973589039278964,-0.004052314143228152,0.0,0,1.0,0.0029069767441860465,0.0029069767441860465,0.43532098476880526,0.0,0.0010517606857798035,1.0,0
0.0010196283451524406,6.312583426820299e-05,0.00018907449720334055,-0.004009035853043929,0.5,0,1.0,0.0029069767441860465,0.005813953488372093,0.4360513891056657,0.0,0.0010517606857798035,1.0,0
0.0009252497541280605,7.31849102979329e-05,0.000207858053408193,-0.004561050062536824,0.5,0,1.0,0.0029069767441860465,0.005813953488372093,0.4360513891056657,0.0,0.0010517606857798035,1.0,0
0.00026451162068430044,0.00020626238042594132,0.00022553260024225498,0.0026047631453661835,0.6666666666666666,1,3.0,0.00872093023255814,0.005813953488372093,0.4360513891056657,0.0,0.0015386813385376953,0.6349726775956284,1
0.0008594803043635799,0.0001039413417445196,0.000528584491482105,-0.016064903704061984,0.5,1,1.0,0.0029069767441860465,0.011627906976744186,0.43751957560097093,0.0,0.0010517606857798035,1.0,1
0.0010571302862467,3.862333274389005e-05,0.00035186686438091916,-0.01109713123821456,0.3333333333333333,1,1.0,0.0029069767441860465,0.00872093023255814,0.4367842485831542,0.0,0.0010517606857798035,1.0,1
0.0006842745483720689,0.0,0.000119216187256687,-0.007093813939756778,0.0,0,0.0,0.0,0.0029069767441860465,0.4367744690763676,0.0,0.0005772679076237294,0.0,0
0.000715218178994772,0.00011379879635237082,0.0002545570923522728,-0.005137174357251601,0.5,0,1.0,0.0029069767441860465,0.005813953488372093,0.4360513891056657,0.0,0.0010517606857798035,1.0,1
4.3325223872871267e-05,0.0003693704448817731,0.00024216774080411169,0.01624537717656048,0.6666666666666666,1,3.0,0.00872093023255814,0.005813953488372093,0.4360513891056657,0.0,0.0015386813385376953,0.6349726775956284,1
0.0003767016926341943,8.201959442025399e-05,0.0002318989636595123,-0.010588470536249504,0.5,1,1.0,0.0029069767441860465,0.005813953488372093,0.4360513891056657,0.0,0.0010517606857798035,1.0,1
8.828614317511258e-05,0.00014511243609214956,0.00013184218934003767,0.007199410282687646,0.5,1,2.0,0.005813953488372093,0.0029069767441860465,0.43532098476880526,0.0,0.0014629630340052637,0.8524590163934426,1
0.00014159635591904344,0.0003718778822011373,0.00019852659799120725,0.01662365345184023,0.6666666666666666,0,3.0,0.00872093023255814,0.005813953488372093,0.4360513891056657,0.0,0.0015386813385376953,0.6349726775956284,1
0.0005615145711475749,0.00016806795143404775,0.00019389103162543463,0.0009607219835974126,0.5,0,2.0,0.005813953488372093,0.005813953488372093,0.4360513891056657,0.0,0.0014629630340052637,0.8524590163934426,0
0.0003242455613644599,0.0008609857907706174,0.0007083275332684598,0.010086950431368293,0.4444444444444444,1,9.0,0.026162790697674417,0.011627906976744186,0.43751957560097093,0.0,0.002911315122378727,0.41347905282331515,1
0.0005117707955898339,3.574564517707592e-05,0.00010672939137050668,-0.004452490372116265,0.0,0,1.0,0.0029069767441860465,0.0029069767441860465,0.43532098476880526,0.0,0.0010517606857798035,1.0,0
0.0,0.00020549621902280225,0.000513814713962331,-0.03559982849489693,0.6,1,3.0,0.00872093023255814,0.011627906976744186,0.43751957560097093,0.0,0.0015386813385376953,0.6349726775956284,1
0.0003613903411149645,3.52397587003621e-05,0.0003610034311218664,-0.03133340273476354,0.3333333333333333,1,1.0,0.0029069767441860465,0.00872093023255814,0.4367842485831542,0.0,0.0010517606857798035,1.0,1
0.0004248770640302293,0.00125709490203754,9.01499332875181e-05,0.02778240263847263,0.4444444444444444,0,9.0,0.026162790697674417,0.0029069767441860465,0.43532098476880526,0.0,0.002911315122378727,0.41347905282331515,0
4.5183498110668256e-05,0.00010440690393685769,0.0005131743654553474,-0.0805459799312471,0.5,1,1.0,0.0029069767441860465,0.011627906976744186,0.43751957560097093,0.0,0.0010517606857798035,1.0,1
0.0005056938764946426,0.00017409826487023788,0.00018909305802962992,0.001694702635516949,0.5,0,2.0,0.005813953488372093,0.005813953488372093,0.4360513891056657,0.0,0.0014629630340052637,0.8524590163934426,0
0.0003541539417154097,0.0,0.00024569893800566623,-0.028247898973677205,0.5,1,0.0,0.0,0.005813953488372093,0.43750486116512405,0.0,0.0005772679076237294,0.0,1
0.0007404368756146799,3.266267034434893e-05,0.0003279141180544744,-0.014834575986844959,0.3333333333333333,1,1.0,0.0029069767441860465,0.00872093023255814,0.4367842485831542,0.0,0.0010517606857798035,1.0,1
0.0003501682281691599,4.397546503376092e-05,0.0005896820914201712,-0.05274206318185489,0.5,1,1.0,0.0029069767441860465,0.011627906976744186,0.43751957560097093,0.0,0.0010517606857798035,1.0,1
0.000253108338940939,3.9495803624019686e-05,0.00021474411996155293,-0.0217178001341992,0.5,1,1.0,0.0029069767441860465,0.005813953488372093,0.4360513891056657,0.0,0.0010517606857798035,1.0,1
0.0003497593043118174,9.409855051280503e-05,0.00047537524271702524,-0.03005634015804546,0.5,1,1.0,0.0029069767441860465,0.011627906976744186,0.43751957560097093,0.0,0.0010517606857798035,1.0,1
0.00023518815673689115,0.00010401832446923693,0.0005104598446105256,-0.04036840376651081,0.5,1,1.0,0.0029069767441860465,0.011627906976744186,0.43751957560097093,0.0,0.0010517606857798035,1.0,1
0.0006076712045136912,0.0,0.00021323141261896846,-0.014287540642886521,0.5,1,0.0,0.0,0.005813953488372093,0.43750486116512405,0.0,0.0005772679076237294,0.0,1
5.692841244370826e-05,0.00038633597107185695,0.00018718593312839614,0.020399997529661377,0.6666666666666666,0,3.0,0.00872093023255814,0.005813953488372093,0.4360513891056657,0.0,0.0015386813385376953,0.6349726775956284,1
6.001863450489156e-05,0.0002245182837160488,9.302222115579964e-05,0.020644657613602593,0.6666666666666666,0,3.0,0.00872093023255814,0.0029069767441860465,0.43532098476880526,0.0,0.0015386813385376953,0.6349726775956284,1
0.00042168849319322945,0.0,0.00025832029988244454,-0.024942600895094272,0.5,1,0.0,0.0,0.005813953488372093,0.43750486116512405,0.0,0.0005772679076237294,0.0,1
0.00010662560173922045,0.0,0.00027074213287661203,-0.10338780205553728,0.5,1,0.0,0.0,0.005813953488372093,0.43750486116512405,0.0,0.0005772679076237294,0.0,1
0.0005954086650447745,5.708818914394455e-05,0.0002634941302106092,-0.011518009262263863,0.5,1,1.0,0.0029069767441860465,0.005813953488372093,0.4360513891056657,0.0,0.0010517606857798035,1.0,1
8.323929810031575e-05,0.0001577412687898243,0.00018807685279028638,0.001542485310226693,0.5,1,2.0,0.005813953488372093,0.005813953488372093,0.4360513891056657,0.0,0.0014629630340052637,0.8524590163934426,1
0.00040007246751902275,0.0,0.00046281420352568744,-0.04710239236282841,0.5,1,0.0,0.0,0.011627906976744186,0.43897299828312786,0.0,0.0005772679076237294,0.0,1
0.00061862415238884,3.3912723159996854e-05,0.0,0.0026223732345076007,0.0,0,1.0,0.0029069767441860465,0.0,0.0,0.0,0.0010517606857798035,1.0,0
0.00035774108390703455,0.0,0.00028219416269715944,-0.03211841899404721,0.5,1,0.0,0.0,0.005813953488372093,0.43750486116512405,0.0,0.0005772679076237294,0.0,1
5.853305036492572e-05,0.00010007754213251694,0.0002827370668661238,-0.03179598614013411,0.5,1,1.0,0.0029069767441860465,0.005813953488372093,0.4360513891056657,0.0,0.0010517606857798035,1.0,1
0.00013424607898959574,0.0,0.00020252645605656861,-0.06142640590199505,0.5,1,0.0,0.0,0.005813953488372093,0.43750486116512405,0.0,0.0005772679076237294,0.0,1
0.0003447538692478907,8.245949570435296e-05,0.0002558934718451081,-0.01337694423040039,0.5,1,1.0,0.0029069767441860465,0.005813953488372093,0.4360513891056657,0.0,0.0010517606857798035,1.0,1
0.00025437134427247786,4.4162423079502986e-05,0.00027239404641636687,-0.02783114383779573,0.5,1,1.0,0.0029069767441860465,0.005813953488372093,0.4360513891056657,0.0,0.0010517606857798035,1.0,1
4.001242300326104e-06,0.00015571772288296902,0.0002517776086154381,-0.009943053459706546,0.5,1,2.0,0.005813953488372093,0.005813953488372093,0.4360513891056657,0.0,0.0014629630340052637,0.8524590163934426,1
5.0204461928671253e-05,0.00016982022488237533,0.0001071655707883071,0.015134636884749676,0.5,0,2.0,0.005813953488372093,0.0029069767441860465,0.43532098476880526,0.0,0.0014629630340052637,0.8524590163934426,1
0.00041813240850975726,0.0003004672404157369,0.0005268722552569097,-0.007083052639309519,0.6,1,3.0,0.00872093023255814,0.011627906976744186,0.43751957560097093,0.0,0.0015386813385376953,0.6349726775956284,1
0.0009410166157668617,2.9286427988889297e-05,0.00021910127393298486,-0.007544744739011218,0.5,0,1.0,0.0029069767441860465,0.005813953488372093,0.4360513891056657,0.0,0.0010517606857798035,1.0,0
4.617216212019256e-05,0.0002216735887455421,9.560217601002343e-05,0.02097073140842934,0.6666666666666666,0,3.0,0.00872093023255814,0.0029069767441860465,0.43532098476880526,0.0,0.0015386813385376953,0.6349726775956284,1
4.56027744707283e-05,7.810080714773895e-05,0.0005797474091487806,-0.12560892345321278,0.5,1,1.0,0.0029069767441860465,0.011627906976744186,0.43751957560097093,0.0,0.0010517606857798035,1.0,1
8.007143226875097e-05,0.0001484263590990285,6.266598975951883e-05,0.01760115038010684,0.5,0,2.0,0.005813953488372093,0.0029069767441860465,0.43532098476880526,0.0,0.0014629630340052637,0.8524590163934426,1
4.702624359438894e-05,9.362932247643279e-05,0.00012489580010123725,-0.0014494301224219,0.0,1,1.0,0.0029069767441860465,0.0029069767441860465,0.43532098476880526,0.0,0.0010517606857798035,1.0,1
0.0001258501992856773,6.537299666114192e-05,0.00027502504354288645,-0.03588631391207713,0.5,1,1.0,0.0029069767441860465,0.005813953488372093,0.4360513891056657,0.0,0.0010517606857798035,1.0,1
0.0003327294373414773,5.348833030240127e-05,0.00014332206040001911,-0.007541549361359547,0.0,1,1.0,0.0029069767441860465,0.0029069767441860465,0.43532098476880526,0.0,0.0010517606857798035,1.0,1
0.00013672550339044465,7.62312266903183e-05,0.00012142956579169555,-0.004154987965077573,0.0,1,1.0,0.0029069767441860465,0.0029069767441860465,0.43532098476880526,0.0,0.0010517606857798035,1.0,1
0.0002921528029401108,3.415833471028545e-05,9.19364128178709e-05,-0.005825378544101976,0.0,1,1.0,0.0029069767441860465,0.0029069767441860465,0.43532098476880526,0.0,0.0010517606857798035,1.0,1
0.0008285004399813655,4.293803117209417e-05,0.0,0.002488944476831558,0.0,0,1.0,0.0029069767441860465,0.0,0.0,0.0,0.0010517606857798035,1.0,0
0.0001208913504839795,0.000551907482718643,6.789086235997927e-05,0.02852776857903267,0.42857142857142855,0,7.0,0.020348837209302327,0.0029069767441860465,0.43532098476880526,0.0,0.0025619746732304894,0.46370023419203743,0
0.0002000310575081526,0.0002808146505486152,0.00014207848503863067,0.014563777207653816,0.6666666666666666,0,3.0,0.00872093023255814,0.0029069767441860465,0.43532098476880526,0.0,0.0015386813385376953,0.6349726775956284,1
2.944769398001967e-05,0.00022057016969126048,3.945103627807694e-05,0.028635292048583606,0.6666666666666666,0,3.0,0.00872093023255814,0.0029069767441860465,0.43532098476880526,0.0,0.0015386813385376953,0.6349726775956284,0
0.000541648118432631,0.00010959040740115728,0.00011848767482482884,0.0011828914353265681,0.0,0,1.0,0.0029069767441860465,0.0029069767441860465,0.43532098476880526,0.0,0.0010517606857798035,1.0,0
0.0003972100005176251,4.573873601419098e-05,0.0005128077891361321,-0.04011011530481039,0.5,1,1.0,0.0029069767441860465,0.011627906976744186,0.43751957560097093,0.0,0.0010517606857798035,1.0,1
4.595475956312439e-05,0.0002925893415863311,0.0001073604594643456,0.02332502302527094,0.6666666666666666,0,3.0,0.00872093023255814,0.0029069767441860465,0.43532098476880526,0.0,0.0015386813385376953,0.6349726775956284,1
0.00040318339458564106,0.0,0.00020325496848842676,-0.020526432969649774,0.5,1,0.0,0.0,0.005813953488372093,0.43750486116512405,0.0,0.0005772679076237294,0.0,1
0.0004389461152233552,0.0,7.324566074446537e-05,-0.0067943144571922,0.0,0,0.0,0.0,0.0029069767441860465,0.4367744690763676,0.0,0.0005772679076237294,0.0,0
3.081940059009266e-05,8.006203370601355e-05,0.0003263457282330218,-0.06367926472414255,0.3333333333333333,1,1.0,0.0029069767441860465,0.00872093023255814,0.4367842485831542,0.0,0.0010517606857798035,1.0,1
0.00014670531601014545,8.141839599865205e-05,8.11943346028923e-05,0.003402231401375895,0.0,0,1.0,0.0029069767441860465,0.0029069767441860465,0.43532098476880526,0.0,0.0010517606857798035,1.0,1
6.42424556136446e-05,0.00021646809021703755,0.00018913946009535337,0.009341524988208325,0.6666666666666666,1,3.0,0.00872093023255814,0.005813953488372093,0.4360513891056657,0.0,0.0015386813385376953,0.6349726775956284,1
5.398312542057042e-05,0.00023823587209186853,0.0,0.03145290971651888,0.6666666666666666,0,3.0,0.00872093023255814,0.0,0.0,0.0,0.0015386813385376953,0.6349726775956284,0
0.00038378798074434497,5.050066741456239e-05,3.7474308278257984e-05,0.0023663778169260487,0.0,0,1.0,0.0029069767441860465,0.0029069767441860465,0.43532098476880526,0.0,0.0010517606857798035,1.0,0
0.00019626792277032973,6.293887622246092e-05,7.319461847216957e-05,0.0009243360239952484,0.0,0,1.0,0.0029069767441860465,0.0029069767441860465,0.43532098476880526,0.0,0.0010517606857798035,1.0,1
0.0012740825094466586,0.0,0.00010451601283549813,-0.0033401058618380422,0.0,0,0.0,0.0,0.0029069767441860465,0.4367744690763676,0.0,0.0005772679076237294,0.0,0
0.000239106579015477,0.0,0.00011768027888124081,-0.020039510775348015,0.0,1,0.0,0.0,0.0029069767441860465,0.4367744690763676,0.0,0.0005772679076237294,0.0,1
0.0003238625187639112,9.788903324412453e-05,6.011851635130145e-05,0.005620815202979543,0.0,0,1.0,0.0029069767441860465,0.0029069767441860465,0.43532098476880526,0.0,0.0010517606857798035,1.0,0
4.337698638645893e-05,0.00015959252002707418,0.00019791409072365772,0.0006208186490989288,0.5,1,2.0,0.005813953488372093,0.005813953488372093,0.4360513891056657,0.0,0.0014629630340052637,0.8524590163934426,1
0.00027452249081215386,4.891702279180608e-05,0.00010690107901368344,-0.0053305156056704574,0.0,1,1.0,0.0029069767441860465,0.0029069767441860465,0.43532098476880526,0.0,0.0010517606857798035,1.0,1
5.052021326155598e-05,0.00010979569466707014,0.00011727194070287445,0.004299780671460241,0.0,1,1.0,0.0029069767441860465,0.0029069767441860465,0.43532098476880526,0.0,0.0010517606857798035,1.0,1
0.0002634090791448833,0.00026085046393859,0.00014162838500111322,0.012152823249667408,0.6666666666666666,0,3.0,0.00872093023255814,0.0029069767441860465,0.43532098476880526,0.0,0.0015386813385376953,0.6349726775956284,1
0.00033227392722190587,2.912146500735218e-05,8.80757609496799e-05,-0.005584649161717666,0.0,0,1.0,0.0029069767441860465,0.0029069767441860465,0.43532098476880526,0.0,0.0010517606857798035,1.0,1
6.201149127801646e-06,5.566217581465704e-05,0.0002373790476214517,-0.08015057555245748,0.5,1,1.0,0.0029069767441860465,0.005813953488372093,0.4360513891056657,0.0,0.0010517606857798035,1.0,1
7.14840312645582e-06,0.0,0.0001128498238394297,-0.6427865802802243,0.0,1,0.0,0.0,0.0029069767441860465,0.4367744690763676,0.0,0.0005772679076237294,0.0,1
0.00010381489725141053,5.6963550446783176e-05,0.00020388139637569333,-0.029121313498711682,0.5,1,1.0,0.0029069767441860465,0.005813953488372093,0.4360513891056657,0.0,0.0010517606857798035,1.0,1
4.248149490139241e-05,0.000318620500072888,0.0001286265261854026,0.022714528801152056,0.6666666666666666,0,3.0,0.00872093023255814,0.0029069767441860465,0.43532098476880526,0.0,0.0015386813385376953,0.6349726775956284,1
7.397380816812464e-05,0.00016673725004964836,0.0,0.02777384294236622,0.5,0,2.0,0.005813953488372093,0.0,0.0,0.0,0.0014629630340052637,0.8524590163934426,0
4.291112376416999e-05,0.00021732223187699638,0.0,0.032022400259376686,0.6666666666666666,0,3.0,0.00872093023255814,0.0,0.0,0.0,0.0015386813385376953,0.6349726775956284,0
8.000931725244578e-05,9.993090837115061e-05,0.0001100332184500163,0.0030308005190205233,0.0,1,1.0,0.0029069767441860465,0.0029069767441860465,0.43532098476880526,0.0,0.0010517606857798035,1.0,1
2.8127749883534344e-05,7.865434959689682e-05,0.00018597019900644176,-0.02527740165052933,0.5,1,1.0,0.0029069767441860465,0.005813953488372093,0.4360513891056657,0.0,0.0010517606857798035,1.0,1
0.0001288627775764791,0.0,4.200314989286668e-05,-0.013271784581105762,0.0,1,0.0,0.0,0.0029069767441860465,0.4367744690763676,0.0,0.0005772679076237294,0.0,1
0.00022789481857238988,0.0,4.360866136689804e-05,-0.007791359728490256,0.0,0,0.0,0.0,0.0029069767441860465,0.4367744690763676,0.0,0.0005772679076237294,0.0,0
0.00022444225891609296,0.0,4.133031993987666e-05,-0.007497890402563925,0.0,0,0.0,0.0,0.0029069767441860465,0.4367744690763676,0.0,0.0005772679076237294,0.0,0
0.00010154769915627103,7.452294337040061e-05,6.0559335975674216e-05,0.00665004816609902,0.0,0,1.0,0.0029069767441860465,0.0029069767441860465,0.43532098476880526,0.0,0.0010517606857798035,1.0,1
0.0002582897665510637,0.0006744639804686176,0.0,0.028713049337918083,0.375,0,8.0,0.023255813953488372,0.0,0.0,0.0,0.0027587834540354424,0.4426229508196721,0
4.944355297893266e-05,0.0,0.00013763780734889653,-0.11334517204064305,0.0,1,0.0,0.0,0.0029069767441860465,0.4367744690763676,0.0,0.0005772679076237294,0.0,1
0.00047079558983384234,0.000329632695551499,0.0002181778728250882,0.00865746177600935,0.6666666666666666,0,3.0,0.00872093023255814,0.005813953488372093,0.4360513891056657,0.0,0.0015386813385376953,0.6349726775956284,1
0.00018342046689787255,9.475840243895349e-05,4.5571468746999964e-05,0.009546169450029049,0.0,0,1.0,0.0029069767441860465,0.0029069767441860465,0.43532098476880526,0.0,0.0010517606857798035,1.0,0
0.0003682488741653295,8.962255494709795e-05,0.0,0.009335289370012005,0.0,0,1.0,0.0029069767441860465,0.0,0.0,0.0,0.0010517606857798035,1.0,0
0.00010564729023241369,5.9709267628367615e-05,0.00012518349290872264,-0.010632422311028173,0.0,1,1.0,0.0029069767441860465,0.0029069767441860465,0.43532098476880526,0.0,0.0010517606857798035,1.0,1
3.280708111185879e-05,0.0002098512417353821,5.7111662492421906e-05,0.025796451503266152,0.6666666666666666,0,3.0,0.00872093023255814,0.0029069767441860465,0.43532098476880526,0.0,0.0015386813385376953,0.6349726775956284,1
4.2015632279103474e-05,6.499174888158947e-05,8.360260181393934e-05,-0.00040672049458446725,0.0,1,1.0,0.0029069767441860465,0.0029069767441860465,0.43532098476880526,0.0,0.0010517606857798035,1.0,1
0.00011463326259123143,5.011208794694163e-05,9.544440898656371e-05,-0.007030819892045158,0.0,1,1.0,0.0029069767441860465,0.0029069767441860465,0.43532098476880526,0.0,0.0010517606857798035,1.0,1
0.00013585071691081318,5.8239264170670205e-05,4.10147858929572e-05,0.006105914646936055,0.0,0,1.0,0.0029069767441860465,0.0029069767441860465,0.43532098476880526,0.0,0.0010517606857798035,1.0,0
0.00013968631916765878,7.687274939629597e-05,0.0001121166712009992,-0.0024294996474250852,0.0,1,1.0,0.0029069767441860465,0.0029069767441860465,0.43532098476880526,0.0,0.0010517606857798035,1.0,1
3.0203426678399503e-05,0.00011244609990376647,3.63513782877505e-05,0.02283458227434868,0.0,0,1.0,0.0029069767441860465,0.0029069767441860465,0.43532098476880526,0.0,0.0010517606857798035,1.0,0
2.8899011335990475e-05,4.1794287833436834e-05,0.00010063215993444539,-0.022105658068412436,0.0,1,1.0,0.0029069767441860465,0.0029069767441860465,0.43532098476880526,0.0,0.0010517606857798035,1.0,1
4.8335835188156736e-05,8.406146954728007e-05,6.314393103647036e-05,0.010545497823628243,0.0,0,1.0,0.0029069767441860465,0.0029069767441860465,0.43532098476880526,0.0,0.0010517606857798035,1.0,1
0.00018600341632589679,0.0,0.00010372717771819948,-0.022706311544577074,0.0,1,0.0,0.0,0.0029069767441860465,0.4367744690763676,0.0,0.0005772679076237294,0.0,1
3.1254205704228996e-05,7.464758206756199e-05,6.469840023820594e-05,0.008875882823442809,0.0,1,1.0,0.0029069767441860465,0.0029069767441860465,0.43532098476880526,0.0,0.0010517606857798035,1.0,1
3.7693462394533876e-05,4.117476019166411e-05,7.439643197440693e-05,-0.009465168632230209,0.0,1,1.0,0.0029069767441860465,0.0029069767441860465,0.43532098476880526,0.0,0.0010517606857798035,1.0,1
0.0001627672239763963,5.5805143731989206e-05,9.985260523029144e-05,-0.004924276597861919,0.0,1,1.0,0.0029069767441860465,0.0029069767441860465,0.43532098476880526,0.0,0.0010517606857798035,1.0,1
2.7009679590040894e-05,9.268353471561999e-05,4.53997811038232e-05,0.01854754823601687,0.0,0,1.0,0.0029069767441860465,0.0029069767441860465,0.43532098476880526,0.0,0.0010517606857798035,1.0,1
0.00018714736787618408,0.0,5.646667377886596e-05,-0.012285234040740271,0.0,1,0.0,0.0,0.0029069767441860465,0.4367744690763676,0.0,0.0005772679076237294,0.0,1
1.4172576220301258e-05,0.0,0.00034807581561131334,-1.0,0.3333333333333333,1,0.0,0.0,0.00872093023255814,0.4382377001285497,0.0,0.0005772679076237294,0.0,1
0.00014945390548165018,8.733506826978328e-05,3.687572163042549e-05,0.010997132611808597,0.0,0,1.0,0.0029069767441860465,0.0029069767441860465,0.43532098476880526,0.0,0.0010517606857798035,1.0,0
2.423003261038356e-05,3.518843688388388e-05,3.835130732043119e-05,0.003409765649957742,0.0,1,1.0,0.0029069767441860465,0.0029069767441860465,0.43532098476880526,0.0,0.0010517606857798035,1.0,1
6.99777421191573e-05,0.0,4.1311759113587275e-05,-0.024037467748754156,0.0,1,0.0,0.0,0.0029069767441860465,0.4367744690763676,0.0,0.0005772679076237294,0.0,1
1.1848439360215331e-05,6.194543248920407e-05,4.653663171404771e-05,0.013067224425666185,0.0,0,1.0,0.0029069767441860465,0.0029069767441860465,0.43532098476880526,0.0,0.0010517606857798035,1.0,1
0.00012290491226253948,4.121141863200569e-05,0.0,0.011728600629325623,0.0,0,1.0,0.0029069767441860465,0.0,0.0,0.0,0.0010517606857798035,1.0,0
0.0001309332781199855,3.74722577171644e-05,0.0,0.010505010977213387,0.0,0,1.0,0.0029069767441860465,0.0,0.0,0.0,0.0010517606857798035,1.0,0
1.1625860551788394e-05,5.392089989843193e-05,5.7849455337424756e-05,0.004826526814974601,0.0,1,1.0,0.0029069767441860465,0.0029069767441860465,0.43532098476880526,0.0,0.0010517606857798035,1.0,1
1.2785340856151974e-05,3.5085793250927456e-05,4.873144942276689e-05,-0.0028221756071042754,0.0,1,1.0,0.0029069767441860465,0.0029069767441860465,0.43532098476880526,0.0,0.0010517606857798035,1.0,1
2.8029401107717792e-05,4.965752328670602e-05,3.9729448672417645e-05,0.009594309069475617,0.0,0,1.0,0.0029069767441860465,0.0029069767441860465,0.43532098476880526,0.0,0.0010517606857798035,1.0,1
2.809151612402298e-05,8.975452533232764e-05,0.0,0.029877781522427413,0.0,0,1.0,0.0029069767441860465,0.0,0.0,0.0,0.0010517606857798035,1.0,0
2.1647083182359334e-05,3.3597460573059255e-05,4.5135289329199536e-05,-0.0015369139916749238,0.0,1,1.0,0.0029069767441860465,0.0029069767441860465,0.43532098476880526,0.0,0.0010517606857798035,1.0,1
0.00010917231740773332,0.0,4.601228837137273e-05,-0.01716074964941057,0.0,1,0.0,0.0,0.0029069767441860465,0.4367744690763676,0.0,0.0005772679076237294,0.0,1
9.906309850406336e-05,3.375875771056221e-05,0.0001925592923391716,-0.04157616242838506,0.5,1,1.0,0.0029069767441860465,0.005813953488372093,0.4360513891056657,0.0,0.0010517606857798035,1.0,1
1.0828717842538433e-05,3.524709038843041e-05,4.592412444649818e-05,-0.0008792257506947706,0.0,1,1.0,0.0029069767441860465,0.0029069767441860465,0.43532098476880526,0.0,0.0010517606857798035,1.0,1
4.950566799523785e-05,0.0,0.0001046784200655302,-0.08609485243943468,0.0,1,0.0,0.0,0.0029069767441860465,0.4367744690763676,0.0,0.0005772679076237294,0.0,1
1.0782131580309539e-05,4.3418256740568885e-05,0.0,0.03104114498902237,0.0,0,1.0,0.0029069767441860465,0.0,0.0,0.0,0.0010517606857798035,1.0,1
0.00014306641130493297,0.00023099216428037206,3.8685402193640025e-05,0.02201471672985823,0.6666666666666666,0,3.0,0.00872093023255814,0.0029069767441860465,0.43532098476880526,0.0,0.0015386813385376953,0.6349726775956284,0
2.81950411511983e-05,8.251814920889949e-05,0.0,0.029388798943865244,0.0,0,1.0,0.0029069767441860465,0.0,0.0,0.0,0.0010517606857798035,1.0,0
1.2992390910502614e-05,3.3007259683559796e-05,0.0,0.028543430678257445,0.0,0,1.0,0.0029069767441860465,0.0,0.0,0.0,0.0010517606857798035,1.0,1
2.225788084269372e-05,0.0,4.814678339465142e-05,-0.08807616912293342,0.0,1,0.0,0.0,0.0029069767441860465,0.4367744690763676,0.0,0.0005772679076237294,0.0,1
3.138361198819815e-05,3.411801042590971e-05,0.0,0.022102060106155008,0.0,0,1.0,0.0029069767441860465,0.0,0.0,0.0,0.0010517606857798035,1.0,1
2.3463947409286194e-05,6.946774444729655e-05,3.961344350810902e-05,0.016185242081779735,0.0,0,1.0,0.0029069767441860465,0.0029069767441860465,0.43532098476880526,0.0,0.0010517606857798035,1.0,1
1.4617733837155133e-05,4.174663186099278e-05,0.0,0.029247528233111705,0.0,0,1.0,0.0029069767441860465,0.0,0.0,0.0,0.0010517606857798035,1.0,0
8.789274807184636e-05,5.2458228128802834e-05,0.0,0.01669286879376191,0.0,0,1.0,0.0029069767441860465,0.0,0.0,0.0,0.0010517606857798035,1.0,0
3.1062684403954654e-05,3.5991256727364514e-05,0.0,0.02265379211969738,0.0,0,1.0,0.0029069767441860465,0.0,0.0,0.0,0.0010517606857798035,1.0,1
8.628811015062892e-05,2.8270989191427495e-05,3.769703819373054e-05,-0.0006167722112920874,0.0,0,1.0,0.0029069767441860465,0.0029069767441860465,0.43532098476880526,0.0,0.0010517606857798035,1.0,1
2.785340856151975e-05,3.224842996848906e-05,0.0,0.022647305012107016,0.0,0,1.0,0.0029069767441860465,0.0,0.0,0.0,0.0010517606857798035,1.0,0
7.619442000103525e-06,2.9740992649124905e-05,7.287908442525012e-05,-0.028914666789003313,0.0,1,1.0,0.0029069767441860465,0.0029069767441860465,0.43532098476880526,0.0,0.0010517606857798035,1.0,1
1.5694394119778455e-05,0.0,4.3061116991361335e-05,-0.11171608003073663,0.0,1,0.0,0.0,0.0029069767441860465,0.4367744690763676,0.0,0.0005772679076237294,0.0,1
1.7640664630674465e-05,0.0,0.00014548903686930422,-0.33580741153536514,0.0,1,0.0,0.0,0.0029069767441860465,0.4367744690763676,0.0,0.0005772679076237294,0.0,1
7.743154407578032e-05,0.0,0.00012426473200739831,-0.06534388018062964,0.0,1,0.0,0.0,0.0029069767441860465,0.4367744690763676,0.0,0.0005772679076237294,0.0,1
9.306899943061235e-06,3.545237765434327e-05,0.0,0.03077816614963419,0.0,0,1.0,0.0029069767441860465,0.0,0.0,0.0,0.0010517606857798035,1.0,1
1.1460220508307884e-05,3.649347736004418e-05,5.549687060524585e-05,-0.00601390266922994,0.0,1,1.0,0.0029069767441860465,0.0029069767441860465,0.43532098476880526,0.0,0.0010517606857798035,1.0,1
1.2221129458046483e-05,4.0221640742782996e-05,0.0,0.030036880659528652,0.0,0,1.0,0.0029069767441860465,0.0,0.0,0.0,0.0010517606857798035,1.0,0
1.5885915420052798e-05,7.433231948062439e-05,0.0,0.03170210712692607,0.0,0,1.0,0.0029069767441860465,0.0,0.0,0.0,0.0010517606857798035,1.0,0
3.2853667374087686e-05,5.327204550438594e-05,0.0,0.0254046142067977,0.0,0,1.0,0.0029069767441860465,0.0,0.0,0.0,0.0010517606857798035,1.0,0
5.007505564470211e-05,3.272498969292962e-05,0.0,0.017517258999730837,0.0,1,1.0,0.0029069767441860465,0.0,0.0,0.0,0.0010517606857798035,1.0,1
1.705574822713391e-05,3.2010150106268785e-05,0.0,0.02650045467410687,0.0,1,1.0,0.0029069767441860465,0.0,0.0,0.0,0.0010517606857798035,1.0,1
7.008644339769139e-06,0.0,4.6499510061468956e-05,-0.2701402559450011,0.0,1,0.0,0.0,0.0029069767441860465,0.4367744690763676,0.0,0.0005772679076237294,0.0,1
1.6776230653760546e-05,0.0,3.559502461645827e-05,-0.08639127049922886,0.0,1,0.0,0.0,0.0029069767441860465,0.4367744690763676,0.0,0.0005772679076237294,0.0,1
1.0528495263730007e-05,0.0,3.8151778437820356e-05,-0.14754463864087225,0.0,1,0.0,0.0,0.0029069767441860465,0.4367744690763676,0.0,0.0005772679076237294,0.0,1
9.063616129199234e-06,5.379992704530471e-05,0.0,0.032609666340490916,0.0,0,1.0,0.0029069767441860465,0.0,0.0,0.0,0.0010517606857798035,1.0,0
1.0233448936280346e-05,3.597292750719372e-05,0.0,0.03037979947767493,0.0,0,1.0,0.0029069767441860465,0.0,0.0,0.0,0.0010517606857798035,1.0,0
4.4251772866090374e-05,3.391638900403101e-05,0.0,0.018970908664392074,0.0,0,1.0,0.0029069767441860465,0.0,0.0,0.0,0.0010517606857798035,1.0,0
5.202132615559812e-06,2.977031940139817e-05,0.0,0.03248074300476499,0.0,0,1.0,0.0029069767441860465,0.0,0.0,0.0,0.0010517606857798035,1.0,0
1.6413893058646928e-05,2.9231440328376925e-05,0.0,0.02611518265501544,0.0,0,1.0,0.0029069767441860465,0.0,0.0,0.0,0.0010517606857798035,1.0,0
2.8666080024846006e-05,3.282396748185189e-05,0.0,0.02255203173008573,0.0,0,1.0,0.0029069767441860465,0.0,0.0,0.0,0.0010517606857798035,1.0,0
